{
  "appVersion" : "1.3.17",
  "appBuild" : "148",
  "packageFormatVersion" : "1.13",
  "version" : 1,
  "type" : "dataExport",
  "createdAt" : "2024-07-26T11:30:01Z",
  "items" : [
    {
      "subtype" : 0,
      "id" : "2039C6E2BAC145A79FB1813B21A611D7",
      "parentId" : "",
      "name" : "AMANN-I-1-4",
      "isDrawing" : true,
      "relativePath" : "\/AMANN-I-1-4.noteful"
    },
    {
      "subtype" : 0,
      "id" : "AAD6A852C27149B9BC483BF0AA0EE67C",
      "parentId" : "",
      "name" : "AMANN-I-1-1",
      "isDrawing" : true,
      "relativePath" : "\/AMANN-I-1-1.noteful"
    },
    {
      "subtype" : 0,
      "id" : "6712DC45BECA4754AD0900145A3E4FDF",
      "parentId" : "",
      "name" : "AMANN-I-1-2",
      "isDrawing" : true,
      "relativePath" : "\/AMANN-I-1-2.noteful"
    },
    {
      "subtype" : 0,
      "id" : "96BC02B8C7C943C7A1223BB397D1E1C6",
      "parentId" : "",
      "name" : "AMANN-I-1-3",
      "isDrawing" : true,
      "relativePath" : "\/AMANN-I-1-3.noteful"
    }
  ]
}